STATION,DATE,LATITUDE,LONGITUDE,ELEVATION,NAME,TEMP,TEMP_ATTRIBUTES,DEWP,DEWP_ATTRIBUTES,SLP,SLP_ATTRIBUTES,STP,STP_ATTRIBUTES,VISIB,VISIB_ATTRIBUTES,WDSP,WDSP_ATTRIBUTES,MXSPD,GUST,MAX,MAX_ATTRIBUTES,MIN,MIN_ATTRIBUTES,PRCP,PRCP_ATTRIBUTES,SNDP,FRSHTT
51573099999,2020-1-1,42.95,89.2333333,39.3,"TURPAN, CH",23.5,8,6.9,8,1033.1,8,27.9,8,4.8,8,2.7,8,4.3,999.9,31.5, ,13.8, ,0,G,999.9,0
51573099999,2020-1-2,42.95,89.2333333,39.3,"TURPAN, CH",23.5,8,6.7,8,1034.9,8,29.6,8,4.9,8,2.3,8,4.7,999.9,32, ,17.8, ,0,G,999.9,0
51573099999,2020-1-3,42.95,89.2333333,39.3,"TURPAN, CH",20.7,8,5.1,8,1030.5,8,25.2,8,5.1,8,2.2,8,3.3,999.9,32, ,13.8, ,0,G,999.9,0
51573099999,2020-1-4,42.95,89.2333333,39.3,"TURPAN, CH",20.5,8,4.9,8,1029.2,8,23.9,8,4.7,8,2.9,7,5.8,999.9,30, ,13.3, ,0,G,999.9,0
51573099999,2020-1-5,42.95,89.2333333,39.3,"TURPAN, CH",20.3,8,4.3,8,1031.6,8,26.3,8,4.8,8,3.2,7,5.8,999.9,28.2, ,13.1, ,0,G,999.9,0
51573099999,2020-1-6,42.95,89.2333333,39.3,"TURPAN, CH",19.6,8,4.2,8,1030.5,8,25.2,8,4.8,8,2.7,8,3.9,999.9,28.8, ,13.1, ,0,G,999.9,0
51573099999,2020-1-7,42.95,89.2333333,39.3,"TURPAN, CH",18.6,8,3.8,8,1031.4,8,26.1,8,4.2,8,2,8,3.9,999.9,28.8, ,11.3, ,0,G,999.9,0
51573099999,2020-1-8,42.95,89.2333333,39.3,"TURPAN, CH",19.4,8,3.5,8,1032.3,8,27,8,4.6,8,2.3,8,3.9,999.9,28.4,*,11.3, ,0,G,999.9,0
51573099999,2020-1-9,42.95,89.2333333,39.3,"TURPAN, CH",20.7,8,4.3,8,1032.5,8,27.2,8,4.3,8,2.5,7,3.9,999.9,28.2, ,12.7, ,0,G,999.9,0
51573099999,2020-1-10,42.95,89.2333333,39.3,"TURPAN, CH",20,8,3.6,8,1030.7,8,25.4,8,4,8,3,8,4.1,999.9,28.6, ,13.3, ,0,G,999.9,0
51573099999,2020-1-11,42.95,89.2333333,39.3,"TURPAN, CH",19.2,7,3.5,7,1031.5,7,26.2,7,4.2,7,3,7,4.9,999.9,28.6, ,13.6, ,0,G,999.9,0
51573099999,2020-1-12,42.95,89.2333333,39.3,"TURPAN, CH",19.9,8,4.8,8,1029,8,23.7,8,4.3,8,2.5,8,3.9,999.9,27, ,12.4, ,0,G,999.9,0
51573099999,2020-1-13,42.95,89.2333333,39.3,"TURPAN, CH",21.1,7,4.9,7,1024.3,7,19,7,3.9,7,2.5,6,3.9,999.9,26.6, ,12.4, ,0,G,999.9,0
51573099999,2020-1-14,42.95,89.2333333,39.3,"TURPAN, CH",23.8,8,11.8,8,1025.6,8,20.4,8,2.3,8,1.9,7,2.1,999.9,27, ,13.1, ,0.2,G,0.4,1000
51573099999,2020-1-15,42.95,89.2333333,39.3,"TURPAN, CH",22.9,8,20.1,8,1033.7,8,28.4,8,1.1,8,2.2,8,3.1,999.9,27, ,20.5, ,0.1,G,2.4,1000
51573099999,2020-1-16,42.95,89.2333333,39.3,"TURPAN, CH",24.2,8,21.8,8,1035.8,8,30.5,8,1,8,2.5,8,3.9,999.9,27.7, ,21.2, ,2.36,G,2.4,1000
51573099999,2020-1-17,42.95,89.2333333,39.3,"TURPAN, CH",23,8,19.2,8,1040.1,8,34.8,8,2.4,8,2.8,8,4.5,999.9,28.4, ,17.4, ,1.97,G,2,101000
51573099999,2020-1-18,42.95,89.2333333,39.3,"TURPAN, CH",22.3,8,19.8,8,1040.6,8,35.3,8,1.7,8,2.3,7,3.9,999.9,28.4, ,17.4, ,0.01,G,2,1000
51573099999,2020-1-19,42.95,89.2333333,39.3,"TURPAN, CH",20.4,8,15.4,8,1035,8,29.7,8,3.7,8,3,8,5.2,999.9,24.6, ,17.4, ,0.02,G,2.4,1000
51573099999,2020-1-20,42.95,89.2333333,39.3,"TURPAN, CH",17.3,8,14.3,8,1030.3,8,25,8,3.1,8,2.6,7,3.9,999.9,23.5, ,13.6, ,0.01,G,2.4,1000
51573099999,2020-1-21,42.95,89.2333333,39.3,"TURPAN, CH",16.8,8,13.1,8,1033.1,8,27.8,8,3.2,8,2.5,8,3.9,999.9,21.4, ,13.6, ,1.97,G,2,1000
51573099999,2020-1-22,42.95,89.2333333,39.3,"TURPAN, CH",16,8,11.9,8,1036.8,8,31.4,8,3.5,8,2.5,8,3.9,999.9,18, ,13.8, ,2.36,G,2,1000
51573099999,2020-1-23,42.95,89.2333333,39.3,"TURPAN, CH",15.2,8,9,8,1041.4,8,36,8,3.9,8,2.6,8,3.9,999.9,18.7, ,10.9, ,1.97,G,2,1000
51573099999,2020-1-24,42.95,89.2333333,39.3,"TURPAN, CH",13.1,8,7.5,8,1039.4,8,34,8,3.4,8,2.7,8,4.1,999.9,18.7, ,9.1, ,2.36,G,2.4,1000
51573099999,2020-1-25,42.95,89.2333333,39.3,"TURPAN, CH",12.9,8,7,8,1034.7,8,29.3,8,2.9,8,2.4,7,3.9,999.9,16.9, ,9.1, ,1.97,G,2,1000
51573099999,2020-1-26,42.95,89.2333333,39.3,"TURPAN, CH",11.1,8,5.1,8,1035.3,8,29.9,8,3.1,8,2.7,8,3.9,999.9,14.9, ,8.1, ,2.36,G,2.4,1000
51573099999,2020-1-27,42.95,89.2333333,39.3,"TURPAN, CH",11.3,8,5.8,8,1035.6,8,30.1,8,2.6,8,2.5,8,3.9,999.9,14.9, ,8.1, ,1.97,G,2,1000
51573099999,2020-1-28,42.95,89.2333333,39.3,"TURPAN, CH",10.5,8,4.3,8,1038.1,8,32.7,8,2.9,8,2.9,8,3.9,999.9,12.7, ,7.9, ,2.36,G,2.4,1000
51573099999,2020-1-29,42.95,89.2333333,39.3,"TURPAN, CH",10.5,8,4.8,8,1039.5,8,34.1,8,2.6,8,2.5,8,3.9,999.9,12.6, ,7.9, ,0,F,2.4,1000
51573099999,2020-1-30,42.95,89.2333333,39.3,"TURPAN, CH",10.3,8,4.7,8,1037.6,8,32.1,8,2.5,8,2.9,8,5.8,999.9,12.9, ,7.7, ,2.36,G,2.4,1000
51573099999,2020-1-31,42.95,89.2333333,39.3,"TURPAN, CH",10.4,8,5.1,8,1037.5,8,32.1,8,2.6,8,2.7,8,3.9,999.9,13.3, ,7.7, ,2.76,G,1.6,1000
51573099999,2020-2-1,42.95,89.2333333,39.3,"TURPAN, CH",9.7,8,4.1,8,1040.3,8,34.8,8,2.5,8,2.1,8,3.9,999.9,13.3, ,6.8, ,0,F,2.8,1000
51573099999,2020-2-2,42.95,89.2333333,39.3,"TURPAN, CH",9.8,8,4,8,1036.2,8,30.8,8,2.3,8,2.1,8,2.7,999.9,12.4, ,6.8, ,2.36,G,2.8,1000
51573099999,2020-2-3,42.95,89.2333333,39.3,"TURPAN, CH",9.2,8,4.4,8,1034,8,28.5,8,2.2,8,2.6,8,3.9,999.9,12.7, ,4.5, ,0,F,2.4,1000
51573099999,2020-2-4,42.95,89.2333333,39.3,"TURPAN, CH",10.8,7,5.5,7,1033.8,7,28.4,7,2.3,7,2.4,7,3.9,999.9,12.9, ,4.5, ,0,G,1.6,1000
51573099999,2020-2-5,42.95,89.2333333,39.3,"TURPAN, CH",9.5,8,3.9,8,1033.3,8,27.9,8,2.4,8,3,8,5.8,999.9,12.9, ,7.7, ,2.76,G,2.4,1000
51573099999,2020-2-6,42.95,89.2333333,39.3,"TURPAN, CH",9,8,3.6,8,1035.3,8,29.9,8,2.3,8,3.2,8,4.5,999.9,14.9, ,5.9, ,0,F,2.8,1000
51573099999,2020-2-7,42.95,89.2333333,39.3,"TURPAN, CH",7.9,8,2.5,8,1042.6,8,37.1,8,2.4,8,2.6,8,3.9,999.9,14.9, ,2.7, ,2.76,G,2.8,1000
51573099999,2020-2-8,42.95,89.2333333,39.3,"TURPAN, CH",8.5,8,2.8,8,1042.3,8,36.8,8,2.5,8,2.2,8,3.3,999.9,14.4, ,2.1, ,0,F,2.8,0
51573099999,2020-2-9,42.95,89.2333333,39.3,"TURPAN, CH",8.7,8,3,8,1030.9,8,25.5,8,2.4,8,2.8,8,4.7,999.9,14.9, ,3, ,2.76,G,2.8,1000
51573099999,2020-2-10,42.95,89.2333333,39.3,"TURPAN, CH",10.1,8,4.4,8,1026.3,8,20.9,8,2.3,8,2.5,8,4.7,999.9,16.3, ,2.3, ,0,F,2.4,0
51573099999,2020-2-11,42.95,89.2333333,39.3,"TURPAN, CH",11.5,8,5.8,8,1024.7,8,19.3,8,2.3,8,3.2,8,5.1,999.9,16.9, ,2.3, ,2.76,G,2.8,0
51573099999,2020-2-12,42.95,89.2333333,39.3,"TURPAN, CH",15.6,8,8.8,8,1025.8,8,20.5,8,2.1,8,3.1,8,5.8,999.9,23.4, ,3.7, ,2.36,G,2.4,0
51573099999,2020-2-13,42.95,89.2333333,39.3,"TURPAN, CH",17.8,8,11.2,8,1033.6,8,28.3,8,2.6,8,2.6,7,4.7,9.7,28, ,8.4, ,2.76,G,2.4,0
51573099999,2020-2-14,42.95,89.2333333,39.3,"TURPAN, CH",21.5,8,13.3,8,1043.3,8,38,8,3,8,3.1,8,4.7,999.9,31.8, ,9.3, ,2.36,G,2.4,0
51573099999,2020-2-15,42.95,89.2333333,39.3,"TURPAN, CH",20.2,8,12.8,8,1040,8,34.7,8,3.5,8,3,7,4.1,999.9,31.8, ,12.9, ,0,F,2.4,0
51573099999,2020-2-16,42.95,89.2333333,39.3,"TURPAN, CH",20.5,8,14,8,1040,8,34.6,8,3.2,8,2.5,8,3.9,999.9,30.9, ,13.1, ,2.36,G,2.4,0
51573099999,2020-2-17,42.95,89.2333333,39.3,"TURPAN, CH",22.7,8,15.9,8,1038.8,8,33.5,8,3.6,8,4,8,5.8,999.9,29.1, ,13.1, ,0,F,2.4,0
51573099999,2020-2-18,42.95,89.2333333,39.3,"TURPAN, CH",24.3,8,16.9,8,1030.4,8,25.1,8,3.6,8,3.5,8,4.3,999.9,30, ,15.8, ,2.36,G,2.4,0
51573099999,2020-2-19,42.95,89.2333333,39.3,"TURPAN, CH",32.7,8,21.4,8,1036.3,8,31.1,8,8,8,3.5,8,5.1,11.1,41.5, ,15.8, ,1.57,G,1.2,0
51573099999,2020-2-20,42.95,89.2333333,39.3,"TURPAN, CH",34.4,8,22,8,1037.8,8,32.6,8,14.1,8,2.8,8,3.9,999.9,44.2, ,25, ,0,G,1.2,0
51573099999,2020-2-21,42.95,89.2333333,39.3,"TURPAN, CH",35.7,8,25.1,8,1032.7,8,27.5,8,10,8,2.4,8,3.9,999.9,44.4, ,25.5, ,0,G,999.9,0
51573099999,2020-2-22,42.95,89.2333333,39.3,"TURPAN, CH",37.7,8,26.1,8,1025.1,8,20,8,8.3,8,2.6,8,4.3,999.9,46.6, ,27.5, ,0,G,999.9,0
51573099999,2020-2-23,42.95,89.2333333,39.3,"TURPAN, CH",40.5,8,27.6,8,1022.5,8,17.5,8,6.8,8,3.3,8,5.2,999.9,49.5, ,29.8, ,0,G,999.9,0
51573099999,2020-2-24,42.95,89.2333333,39.3,"TURPAN, CH",43.3,8,29,8,1021.1,8,16.1,8,6.5,8,3.1,8,3.9,999.9,52.5, ,31.8, ,0,G,999.9,0
51573099999,2020-2-25,42.95,89.2333333,39.3,"TURPAN, CH",44,8,29.7,8,1022.4,8,17.4,8,6.3,8,3.1,7,5.8,999.9,53.6, ,33.4, ,0,G,999.9,0
51573099999,2020-2-26,42.95,89.2333333,39.3,"TURPAN, CH",47.7,8,29.2,8,1023.6,8,18.7,8,8.5,8,2.8,8,4.7,999.9,58.3, ,35.1, ,0,G,999.9,0
51573099999,2020-2-27,42.95,89.2333333,39.3,"TURPAN, CH",48.4,8,27.7,8,1017,8,12.1,8,9.7,8,3.5,7,5.8,9.7,58.3, ,36.9, ,0,G,999.9,0
51573099999,2020-2-28,42.95,89.2333333,39.3,"TURPAN, CH",51.2,8,27.2,8,1022.3,8,17.4,8,7,8,3.8,8,7.8,13.4,61.7, ,37, ,0,G,999.9,0
51573099999,2020-2-29,42.95,89.2333333,39.3,"TURPAN, CH",48.1,8,21.3,8,1029,8,24,8,14.3,8,5.1,8,9.5,16.7,61.7, ,40.5, ,0,G,999.9,0
51573099999,2020-3-1,42.95,89.2333333,39.3,"TURPAN, CH",47.6,8,21.7,8,1027.3,8,22.3,8,13.6,8,3.5,8,5.8,999.9,59.2, ,36.1, ,0,G,999.9,0
51573099999,2020-3-2,42.95,89.2333333,39.3,"TURPAN, CH",50.1,8,20.7,8,1023.8,8,18.9,8,13.8,8,4.1,8,5.8,999.9,61, ,36.1, ,0,G,999.9,0
51573099999,2020-3-3,42.95,89.2333333,39.3,"TURPAN, CH",51,8,18.8,8,1019.7,8,14.8,8,13,8,3.5,8,5.8,999.9,61.7, ,38.7, ,0,G,999.9,0
51573099999,2020-3-4,42.95,89.2333333,39.3,"TURPAN, CH",53.9,8,19.7,8,1016,8,11.1,8,10.9,8,3.6,8,7.4,11.7,64.2, ,39.9, ,0,G,999.9,0
51573099999,2020-3-5,42.95,89.2333333,39.3,"TURPAN, CH",55.3,8,22.1,8,1015.3,8,10.4,8,12.1,8,6.6,8,11.7,18.8,65.8, ,41, ,0,G,999.9,0
51573099999,2020-3-6,42.95,89.2333333,39.3,"TURPAN, CH",53.9,8,18.6,8,1011.9,8,7,8,16,8,3.9,8,9.1,13.8,65.8, ,44.1, ,0,G,999.9,0
51573099999,2020-3-7,42.95,89.2333333,39.3,"TURPAN, CH",53.6,8,19.6,8,1015.4,8,10.5,8,12.1,8,4.2,8,9.7,24.3,63, ,43.3, ,0,G,999.9,0
51573099999,2020-3-8,42.95,89.2333333,39.3,"TURPAN, CH",42.4,8,-0.9,8,1035.3,8,30.2,8,1.3,8,6.1,8,9.7,24.3,62.8, ,35.4, ,0,G,999.9,0
51573099999,2020-3-9,42.95,89.2333333,39.3,"TURPAN, CH",39.5,8,-1.3,8,1034.6,8,29.5,8,5.7,8,2.7,8,3.9,15.5,46.9, ,34, ,0,G,999.9,0
51573099999,2020-3-10,42.95,89.2333333,39.3,"TURPAN, CH",40.9,8,-0.5,8,1024.1,8,19.1,8,3.2,8,2.7,8,5.4,999.9,48.6, ,33.8, ,0,G,999.9,0
51573099999,2020-3-11,42.95,89.2333333,39.3,"TURPAN, CH",46.3,8,2.2,8,1023.4,8,18.4,8,3.1,8,3.8,8,9.1,18.3,53.6, ,33.8, ,0,G,999.9,0
51573099999,2020-3-12,42.95,89.2333333,39.3,"TURPAN, CH",47.9,8,5.7,8,1033.3,8,28.3,8,9.4,8,5.7,8,14.4,19.6,57.2, ,35.1, ,0,G,999.9,0
51573099999,2020-3-13,42.95,89.2333333,39.3,"TURPAN, CH",48.7,8,4.1,8,1031.3,8,26.3,8,13.1,8,3.8,8,5.6,10.5,59.4, ,36.5, ,0,G,999.9,0
51573099999,2020-3-14,42.95,89.2333333,39.3,"TURPAN, CH",49.9,7,6.4,7,1026.3,7,21.3,7,13.7,7,3.3,7,5.4,999.9,60.4, ,36.5, ,0,G,999.9,0
51573099999,2020-3-15,42.95,89.2333333,39.3,"TURPAN, CH",53.3,8,7.5,8,1025.8,8,20.9,8,12.2,8,3.7,8,5.8,999.9,64.9, ,37.8, ,0,G,999.9,0
51573099999,2020-3-16,42.95,89.2333333,39.3,"TURPAN, CH",56.8,8,8.5,8,1025,8,20.1,8,9.4,8,3.8,8,5.8,999.9,69.1, ,41.4, ,0,G,999.9,0
51573099999,2020-3-17,42.95,89.2333333,39.3,"TURPAN, CH",58.3,8,9,8,1020.8,8,15.9,8,8.5,8,3.5,8,6.6,999.9,69.6, ,43, ,0,G,999.9,0
51573099999,2020-3-18,42.95,89.2333333,39.3,"TURPAN, CH",60.6,8,10.7,8,1019.3,8,14.5,8,8,8,3.4,8,5.8,999.9,72.3, ,44.8, ,0,G,999.9,0
51573099999,2020-3-19,42.95,89.2333333,39.3,"TURPAN, CH",65,8,12.3,8,1012,8,7.2,8,8.9,8,4.2,8,6.8,11.7,76.5, ,47.7, ,0,G,999.9,0
51573099999,2020-3-20,42.95,89.2333333,39.3,"TURPAN, CH",64.8,8,27,8,1009.4,8,4.7,8,11.3,8,5,8,9.7,19.4,76.5, ,51.3, ,0,G,999.9,0
51573099999,2020-3-21,42.95,89.2333333,39.3,"TURPAN, CH",62.4,8,31.6,8,1012.4,8,7.6,8,14.3,8,4,8,7.8,19.4,74.1, ,52, ,0,G,999.9,0
51573099999,2020-3-22,42.95,89.2333333,39.3,"TURPAN, CH",66.9,8,26.6,8,1015.4,8,10.6,8,15.6,8,5.4,8,9.7,16.7,80.8, ,51.6, ,0,G,999.9,0
51573099999,2020-3-23,42.95,89.2333333,39.3,"TURPAN, CH",67.2,8,25.6,8,1012.5,8,7.8,8,14.6,8,6.5,8,11.7,17.7,80.8, ,52.7, ,0,G,999.9,0
51573099999,2020-3-24,42.95,89.2333333,39.3,"TURPAN, CH",61.3,8,21,8,1011.6,8,6.8,8,3.4,8,6.4,8,9.7,21,78.3, ,54, ,0,G,999.9,0
51573099999,2020-3-25,42.95,89.2333333,39.3,"TURPAN, CH",55.1,8,9,8,1021.9,8,17.1,8,10.9,8,5.8,8,9.7,21,69.6, ,48, ,0,G,999.9,0
51573099999,2020-3-26,42.95,89.2333333,39.3,"TURPAN, CH",53.1,8,8.5,7,1027.7,8,22.7,8,15.9,8,5.3,8,9.7,19.8,61.3, ,45.9, ,0,G,999.9,0
51573099999,2020-3-27,42.95,89.2333333,39.3,"TURPAN, CH",56.3,8,4.4,8,1023.1,8,18.2,8,14.4,8,4.4,8,5.8,999.9,66.2, ,46, ,0,G,999.9,0
51573099999,2020-3-28,42.95,89.2333333,39.3,"TURPAN, CH",58.7,8,5.8,8,1015.4,8,10.5,8,13.5,8,3.9,8,7.8,999.9,69.4, ,44.6, ,0,G,999.9,0
51573099999,2020-3-29,42.95,89.2333333,39.3,"TURPAN, CH",61.6,8,13.6,8,1013.9,8,9.1,8,10.2,8,5.6,8,9.7,999.9,72.9, ,44.6, ,0,G,999.9,0
51573099999,2020-3-30,42.95,89.2333333,39.3,"TURPAN, CH",58.8,8,17,8,1020.3,8,15.4,8,12,8,7,8,15.5,999.9,72.9, ,51.3, ,0,G,999.9,0
51573099999,2020-3-31,42.95,89.2333333,39.3,"TURPAN, CH",59.2,8,6.3,8,1022.2,8,17.4,8,14.4,8,4.6,8,7.8,999.9,68.4, ,50.9, ,0,G,999.9,0
51573099999,2020-4-1,42.95,89.2333333,39.3,"TURPAN, CH",61.2,8,7.1,8,1020.9,8,16.1,8,12.4,8,5.3,8,9.7,999.9,69.4, ,50.2, ,0,G,999.9,0
51573099999,2020-4-2,42.95,89.2333333,39.3,"TURPAN, CH",61.2,8,4.6,8,1023.2,8,18.4,8,15.8,8,4.4,8,5.8,999.9,72.9, ,47.8, ,0,G,999.9,0
51573099999,2020-4-3,42.95,89.2333333,39.3,"TURPAN, CH",64.6,8,-4.2,8,1023.6,8,18.8,8,17.9,8,3.6,8,5.8,999.9,75.9, ,47.8, ,0,G,999.9,0
51573099999,2020-4-4,42.95,89.2333333,39.3,"TURPAN, CH",66.9,8,3.4,8,1020.2,8,15.5,8,18.2,8,3.6,8,5.8,999.9,78.4, ,49.1, ,0,G,999.9,0
51573099999,2020-4-5,42.95,89.2333333,39.3,"TURPAN, CH",69.5,8,10.6,8,1015.6,8,10.9,8,15.9,8,3.6,8,3.9,999.9,82.4, ,53.8, ,0,G,999.9,0
51573099999,2020-4-6,42.95,89.2333333,39.3,"TURPAN, CH",73.3,8,15,8,1013.8,8,9.1,8,16.9,8,4.7,8,7.8,10.3,85.1, ,55.9, ,0,G,999.9,0
51573099999,2020-4-7,42.95,89.2333333,39.3,"TURPAN, CH",75.3,8,18.4,8,1011.7,8,7.1,8,15.8,8,4.9,8,5.8,999.9,89.1, ,58.6, ,0,G,999.9,0
51573099999,2020-4-8,42.95,89.2333333,39.3,"TURPAN, CH",76.4,8,19.4,8,1010.7,8,6,8,18,8,5.1,8,7.8,999.9,89.4, ,59.9, ,0,G,999.9,0
51573099999,2020-4-9,42.95,89.2333333,39.3,"TURPAN, CH",80,8,15.3,8,1009.1,8,4.5,8,15.9,8,6.1,8,9.7,999.9,92.8, ,61.2, ,0,G,999.9,0
51573099999,2020-4-10,42.95,89.2333333,39.3,"TURPAN, CH",72.2,8,23.4,8,1020.2,8,15.6,8,5.1,8,5.3,8,9.7,999.9,92.8, ,62.8, ,0,G,999.9,0
51573099999,2020-4-11,42.95,89.2333333,39.3,"TURPAN, CH",70,8,16.7,8,1018.3,8,13.5,8,9.9,8,4.4,8,5.8,999.9,80.8, ,60.4, ,0,G,999.9,0
51573099999,2020-4-12,42.95,89.2333333,39.3,"TURPAN, CH",72.5,8,13.1,8,1013.9,8,9.2,8,10,8,3.6,8,5.8,999.9,83.5, ,59.4, ,0,G,999.9,0
51573099999,2020-4-13,42.95,89.2333333,39.3,"TURPAN, CH",76.7,8,16.3,8,1008.1,8,3.5,8,6.4,8,3.4,8,5.8,999.9,86.9, ,59.4, ,0,G,999.9,0
51573099999,2020-4-14,42.95,89.2333333,39.3,"TURPAN, CH",80,8,25.3,8,1005.4,8,0.8,8,4.3,8,3.6,8,7.8,999.9,88.9, ,65.3, ,0,G,999.9,0
51573099999,2020-4-15,42.95,89.2333333,39.3,"TURPAN, CH",79,8,41,8,1009,8,4.4,8,9.1,8,4.2,7,11.7,999.9,88.9, ,70.3, ,0,G,999.9,0
51573099999,2020-4-16,42.95,89.2333333,39.3,"TURPAN, CH",78.6,8,40.1,8,1010.6,8,6,8,14.5,8,4.1,8,8,15,87.3, ,71.4, ,0,G,999.9,0
51573099999,2020-4-17,42.95,89.2333333,39.3,"TURPAN, CH",73.1,8,44.6,8,1011.1,8,6.5,8,18.3,8,5.3,8,9.7,999.9,87.3, ,65.8, ,0,G,999.9,10000
51573099999,2020-4-18,42.95,89.2333333,39.3,"TURPAN, CH",76.1,8,41,8,1011.5,8,6.8,8,17.6,8,4.9,8,7.8,999.9,85.3, ,65.3, ,0,G,999.9,0
51573099999,2020-4-19,42.95,89.2333333,39.3,"TURPAN, CH",74.1,8,39.4,8,1016,8,11.4,8,17.7,8,6.6,8,13.6,999.9,85.3, ,65.3, ,0,G,999.9,10000
51573099999,2020-4-20,42.95,89.2333333,39.3,"TURPAN, CH",78.9,8,31.2,8,1016.4,8,11.8,8,18.6,8,6.1,8,13.6,999.9,86.2, ,66.4, ,0,G,999.9,0
51573099999,2020-4-21,42.95,89.2333333,39.3,"TURPAN, CH",76.7,8,36.3,8,1015.6,8,10.9,8,18.6,8,4.1,8,7.8,999.9,86.5, ,68.2, ,0,G,999.9,0
51573099999,2020-4-22,42.95,89.2333333,39.3,"TURPAN, CH",78.4,8,30.9,8,1015.3,8,10.6,8,18.6,8,6.3,8,11.7,999.9,89.4, ,65.3, ,0,G,999.9,0
51573099999,2020-4-23,42.95,89.2333333,39.3,"TURPAN, CH",78,8,15,8,1018.3,8,13.6,8,16.8,8,4.4,8,7.8,999.9,90.1, ,64.6, ,0,G,999.9,0
51573099999,2020-4-24,42.95,89.2333333,39.3,"TURPAN, CH",78.3,8,8.9,8,1016,8,11.3,8,16.2,8,5.1,8,7.8,999.9,90.5, ,64.8, ,0,G,999.9,0
51573099999,2020-4-25,42.95,89.2333333,39.3,"TURPAN, CH",81,8,9.4,8,1015.5,8,10.9,8,18.3,8,4.9,8,7.8,999.9,93.7, ,64.9, ,0,G,999.9,0
51573099999,2020-4-26,42.95,89.2333333,39.3,"TURPAN, CH",82.8,8,3.6,8,1014.5,8,9.9,8,17.4,8,4.4,8,5.8,999.9,97.7, ,65.8, ,0,G,999.9,0
51573099999,2020-4-27,42.95,89.2333333,39.3,"TURPAN, CH",85,8,4.8,7,1009.1,8,4.6,8,18.3,8,4.4,8,5.8,999.9,99.7, ,66.7, ,0,G,999.9,0
51573099999,2020-4-28,42.95,89.2333333,39.3,"TURPAN, CH",88.1,8,16.2,8,1004,8,999.5,8,18.6,8,4.6,8,7.8,999.9,102.2, ,69.4, ,0,G,999.9,0
51573099999,2020-4-29,42.95,89.2333333,39.3,"TURPAN, CH",84.1,8,27.5,8,1008.4,8,3.7,8,17.4,8,3.9,8,5.8,999.9,97.7, ,63.5, ,0,G,999.9,0
51573099999,2020-4-30,42.95,89.2333333,39.3,"TURPAN, CH",88.2,8,27.3,8,1002.9,8,998.3,8,17.8,8,4.4,8,5.8,999.9,103.3, ,66.9, ,0,G,999.9,0
51573099999,2020-5-1,42.95,89.2333333,39.3,"TURPAN, CH",84.3,8,45.3,8,1005.3,8,0.7,8,3.2,8,4.9,8,7.8,999.9,105.6, ,75.4, ,0,G,999.9,0
51573099999,2020-5-2,42.95,89.2333333,39.3,"TURPAN, CH",83,8,34.9,8,1006.4,8,1.8,8,12.6,8,5.6,8,7.8,999.9,93.4, ,74.1, ,0,G,999.9,0
51573099999,2020-5-3,42.95,89.2333333,39.3,"TURPAN, CH",84.9,8,27.6,8,1004.6,8,0.1,8,17.7,8,5.1,8,7.8,999.9,95, ,71.6, ,0,G,999.9,0
51573099999,2020-5-4,42.95,89.2333333,39.3,"TURPAN, CH",85.9,8,34.2,8,1003.3,8,998.8,8,14.2,8,6.6,8,11.7,999.9,98.1, ,74.1, ,0,G,999.9,10000
51573099999,2020-5-5,42.95,89.2333333,39.3,"TURPAN, CH",82.1,8,41,8,1004.1,8,999.5,8,14.8,8,5.6,8,13.6,999.9,98.1, ,73.4, ,0,G,999.9,10000
51573099999,2020-5-6,42.95,89.2333333,39.3,"TURPAN, CH",71.2,8,38.1,8,1013.8,8,9.2,8,11.1,8,9.2,8,17.5,999.9,91.8, ,65.5, ,0,G,999.9,0
51573099999,2020-5-7,42.95,89.2333333,39.3,"TURPAN, CH",72.1,8,15.8,8,1019.4,8,14.6,8,16.2,8,5.3,8,5.8,999.9,80.8, ,60.3, ,0,G,999.9,0
51573099999,2020-5-8,42.95,89.2333333,39.3,"TURPAN, CH",77,8,19,8,1011.9,8,7.2,8,14.8,8,5.1,8,7.8,999.9,88, ,59.9, ,0,G,999.9,0
51573099999,2020-5-9,42.95,89.2333333,39.3,"TURPAN, CH",81.2,8,18,8,1009.9,8,5.3,8,12.8,8,4.6,8,9.7,999.9,93.2, ,61.2, ,0,G,999.9,0
51573099999,2020-5-10,42.95,89.2333333,39.3,"TURPAN, CH",79.8,8,12.2,8,1018.7,8,14,8,17.2,8,5.1,8,7.8,999.9,93.2, ,68.9, ,0,G,999.9,0
51573099999,2020-5-11,42.95,89.2333333,39.3,"TURPAN, CH",80.4,8,10.7,8,1011.9,8,7.2,8,18.3,8,4.1,8,5.8,999.9,91.8, ,64.2, ,0,G,999.9,0
51573099999,2020-5-12,42.95,89.2333333,39.3,"TURPAN, CH",84.5,8,10.9,8,1004.4,8,999.8,8,18.6,8,3.6,7,5.8,999.9,94.5, ,68, ,0,G,999.9,0
51573099999,2020-5-13,42.95,89.2333333,39.3,"TURPAN, CH",84.8,8,32.7,8,1001,8,996.5,8,17.1,8,6.6,8,11.7,999.9,96.6, ,71.8, ,0,G,999.9,0
51573099999,2020-5-14,42.95,89.2333333,39.3,"TURPAN, CH",86,8,37,8,1001.9,8,997.4,8,18.6,8,5.8,8,13.6,999.9,96.6, ,73.8, ,0,G,999.9,0
51573099999,2020-5-15,42.95,89.2333333,39.3,"TURPAN, CH",89.3,8,30.3,8,1003.4,8,998.9,8,18.2,8,4.1,8,5.8,999.9,102, ,72.1, ,0,G,999.9,0
51573099999,2020-5-16,42.95,89.2333333,39.3,"TURPAN, CH",91.2,8,38.1,8,1002.4,8,997.9,8,14.8,8,4.6,8,7.8,999.9,102.9, ,75.2, ,0,G,999.9,0
51573099999,2020-5-17,42.95,89.2333333,39.3,"TURPAN, CH",90.4,8,43.2,8,1001.9,8,997.4,8,16,8,4.9,8,7.8,999.9,102.9, ,79.9, ,0,G,999.9,0
51573099999,2020-5-18,42.95,89.2333333,39.3,"TURPAN, CH",91.9,8,38.6,8,1001.2,8,996.7,8,17.9,8,5.6,8,7.8,999.9,102.6, ,81.3, ,0,G,999.9,0
51573099999,2020-5-19,42.95,89.2333333,39.3,"TURPAN, CH",93.2,8,41.2,8,1000.9,8,996.4,8,17.3,8,5.1,8,9.7,999.9,103.6, ,80.2, ,0,G,999.9,0
51573099999,2020-5-20,42.95,89.2333333,39.3,"TURPAN, CH",91.6,8,45.8,8,1004.6,8,0.1,8,17.5,8,5.3,8,7.8,999.9,103.6, ,81, ,0,G,999.9,0
51573099999,2020-5-21,42.95,89.2333333,39.3,"TURPAN, CH",83.5,8,46.3,8,1009.3,8,4.7,8,18.5,8,8.3,8,13.6,999.9,100.9, ,74.5, ,0,G,999.9,0
51573099999,2020-5-22,42.95,89.2333333,39.3,"TURPAN, CH",86.6,8,32.4,8,1012,8,7.4,8,18.1,8,3.9,8,5.8,999.9,97.3, ,71.4, ,0,G,999.9,0
51573099999,2020-5-23,42.95,89.2333333,39.3,"TURPAN, CH",87.3,8,32.1,8,1013.2,8,8.6,8,18.6,8,5.1,8,7.8,999.9,97.7, ,73.8, ,0,G,999.9,0
51573099999,2020-5-24,42.95,89.2333333,39.3,"TURPAN, CH",82.6,8,40.2,8,1014.5,8,9.9,8,17.1,8,6.1,8,19.4,999.9,97.7, ,74.7, ,0,G,999.9,0
51573099999,2020-5-25,42.95,89.2333333,39.3,"TURPAN, CH",86.2,8,36.7,8,1017.9,8,13.3,8,17.2,8,6.3,8,15.5,999.9,96.6, ,70.9, ,0,G,999.9,0
51573099999,2020-5-26,42.95,89.2333333,39.3,"TURPAN, CH",87.8,8,30.4,8,1014.6,8,10,8,18.3,8,4.1,8,5.8,999.9,98.4, ,75.6, ,0,G,999.9,0
51573099999,2020-5-27,42.95,89.2333333,39.3,"TURPAN, CH",92.3,8,30.9,8,1002.7,8,998.2,8,17.9,8,3.9,8,7.8,999.9,102.7, ,75.9, ,0,G,999.9,0
51573099999,2020-5-28,42.95,89.2333333,39.3,"TURPAN, CH",88,8,18.8,8,1000.5,8,996,8,7.4,8,17.2,8,27.2,999.9,102.7, ,77.7, ,0,G,999.9,0
51573099999,2020-5-29,42.95,89.2333333,39.3,"TURPAN, CH",84.9,8,11.5,8,1005.3,8,0.7,8,15.5,8,6.3,8,9.7,999.9,99, ,75.2, ,0,G,999.9,0
51573099999,2020-5-30,42.95,89.2333333,39.3,"TURPAN, CH",87.9,8,18.2,8,1005.6,8,1.1,8,18.4,8,5.8,8,11.7,999.9,96.4, ,76.5, ,0,G,999.9,0
51573099999,2020-5-31,42.95,89.2333333,39.3,"TURPAN, CH",93,8,26.4,8,1004.4,8,999.9,8,18.6,8,7.3,8,13.6,999.9,104.4, ,76.6, ,0,G,999.9,0
51573099999,2020-6-1,42.95,89.2333333,39.3,"TURPAN, CH",93.5,8,30.2,8,1004.5,8,0,8,18.3,8,4.6,8,5.8,999.9,104.7, ,77, ,0,G,999.9,0
51573099999,2020-6-2,42.95,89.2333333,39.3,"TURPAN, CH",95.3,8,22.8,8,1000.8,8,996.3,8,17.9,8,4.1,8,5.8,999.9,107.1, ,79.3, ,0,G,999.9,0
51573099999,2020-6-3,42.95,89.2333333,39.3,"TURPAN, CH",97.7,8,30.9,8,998.6,8,994.2,8,18.6,8,5.3,8,9.7,999.9,108.3, ,80.2, ,0,G,999.9,0
51573099999,2020-6-4,42.95,89.2333333,39.3,"TURPAN, CH",95.7,7,41.1,7,998,7,993.6,7,17.4,7,4.4,7,7.8,999.9,108.3, ,84.9, ,0,G,999.9,0
51573099999,2020-6-5,42.95,89.2333333,39.3,"TURPAN, CH",94.5,8,41,8,993.6,8,989.1,8,12.8,8,6.8,8,9.7,999.9,109.2, ,76.6, ,0,G,999.9,0
51573099999,2020-6-6,42.95,89.2333333,39.3,"TURPAN, CH",78.5,8,36.3,8,1007,8,2.4,8,4.8,8,4.9,8,9.7,999.9,82.2,*,70.9, ,0,G,999.9,0
51573099999,2020-6-7,42.95,89.2333333,39.3,"TURPAN, CH",80.2,8,27.8,8,1010.6,8,6,8,15.7,8,9,8,17.5,999.9,92.7, ,68, ,0,G,999.9,0
51573099999,2020-6-8,42.95,89.2333333,39.3,"TURPAN, CH",82.8,8,24.5,8,1009.2,8,4.6,8,18.6,8,6.1,8,9.7,999.9,92.7, ,71.4, ,0,G,999.9,0
51573099999,2020-6-9,42.95,89.2333333,39.3,"TURPAN, CH",84.7,8,22.1,8,1006.7,8,2.1,8,18.3,8,4.9,8,7.8,999.9,94.6, ,74.1, ,0,G,999.9,0
51573099999,2020-6-10,42.95,89.2333333,39.3,"TURPAN, CH",86.6,8,28.4,8,1004,8,999.5,8,18.3,8,4.9,8,7.8,999.9,96.1, ,75.9, ,0,G,999.9,0
51573099999,2020-6-11,42.95,89.2333333,39.3,"TURPAN, CH",89.4,8,32.5,8,1003.2,8,998.7,8,18.6,8,8.3,8,13.6,999.9,99.9, ,77.2, ,0,G,999.9,0
51573099999,2020-6-12,42.95,89.2333333,39.3,"TURPAN, CH",84.1,8,41.2,8,1007.6,8,3,8,17.6,8,5.3,8,7.8,999.9,99.9, ,75, ,0,G,999.9,0
51573099999,2020-6-13,42.95,89.2333333,39.3,"TURPAN, CH",88.5,8,23.6,8,1004.1,8,999.6,8,17.9,8,3.6,8,5.8,999.9,98.4, ,72.7, ,0,G,999.9,0
51573099999,2020-6-14,42.95,89.2333333,39.3,"TURPAN, CH",91.8,8,34.6,8,1002.1,8,997.6,8,18.6,8,5.8,8,9.7,999.9,103.3, ,77.5, ,0,G,999.9,0
51573099999,2020-6-15,42.95,89.2333333,39.3,"TURPAN, CH",92.7,8,37.3,8,1003.2,8,998.8,8,18.5,8,5.3,8,11.7,999.9,103.3, ,81.1, ,0,G,999.9,0
51573099999,2020-6-16,42.95,89.2333333,39.3,"TURPAN, CH",95.7,8,32.4,8,999.1,8,994.6,8,18.1,8,4.6,8,5.8,999.9,108.5, ,82.8, ,0,G,999.9,0
51573099999,2020-6-17,42.95,89.2333333,39.3,"TURPAN, CH",98,8,34.1,8,995.3,8,990.9,8,17.6,8,4.1,8,11.7,999.9,110.5, ,84, ,0,G,999.9,0
51573099999,2020-6-18,42.95,89.2333333,39.3,"TURPAN, CH",96,8,43.4,8,995.8,8,991.4,8,15.5,8,7,8,9.7,999.9,110.5, ,83.7, ,0,G,999.9,0
51573099999,2020-6-19,42.95,89.2333333,39.3,"TURPAN, CH",88,8,47.5,8,999.2,8,994.7,8,17.7,8,6.8,8,17.5,999.9,108.1, ,76.6, ,0,G,999.9,10000
51573099999,2020-6-20,42.95,89.2333333,39.3,"TURPAN, CH",91.2,8,40.5,8,999,8,994.5,8,15.5,8,4.9,8,7.8,999.9,101.7, ,76.6, ,0,G,999.9,0
51573099999,2020-6-21,42.95,89.2333333,39.3,"TURPAN, CH",87.7,8,34.5,8,1003.1,8,998.6,8,12.6,8,6.6,8,11.7,999.9,101.7, ,79, ,0,G,999.9,0
51573099999,2020-6-22,42.95,89.2333333,39.3,"TURPAN, CH",88.4,8,29.2,8,999.8,8,995.3,8,18.3,8,5.3,8,7.8,999.9,98.6, ,75.4, ,0,G,999.9,0
51573099999,2020-6-23,42.95,89.2333333,39.3,"TURPAN, CH",91.6,8,28.7,8,998.9,8,994.4,8,18.1,8,4.4,8,7.8,999.9,101.3, ,78.1, ,0,G,999.9,0
51573099999,2020-6-24,42.95,89.2333333,39.3,"TURPAN, CH",95,8,32.5,8,999,8,994.6,8,17,8,6.8,8,13.6,999.9,102.6, ,80.8, ,0,G,999.9,0
51573099999,2020-6-25,42.95,89.2333333,39.3,"TURPAN, CH",94.5,8,41.4,8,999.9,8,995.5,8,15.9,8,6.1,8,11.7,999.9,103.3, ,84.6, ,0,G,999.9,0
51573099999,2020-6-26,42.95,89.2333333,39.3,"TURPAN, CH",89.8,8,46.6,8,1001.3,8,996.8,8,17.6,8,8.3,8,11.7,999.9,103.3, ,83.8, ,0,G,999.9,0
51573099999,2020-6-27,42.95,89.2333333,39.3,"TURPAN, CH",91.5,8,50.7,8,999.5,8,995,8,13.8,8,5.3,8,9.7,999.9,100.6, ,82.6, ,0,G,999.9,10000
51573099999,2020-6-28,42.95,89.2333333,39.3,"TURPAN, CH",92.1,8,46.1,8,999.1,8,994.6,8,15.6,8,6.8,8,9.7,999.9,104.4, ,78.8, ,0,G,999.9,0
51573099999,2020-6-29,42.95,89.2333333,39.3,"TURPAN, CH",80.6,8,47.2,8,1005,8,0.5,8,13.2,8,4.6,8,7.8,17.7,104.4, ,72, ,0,G,999.9,10000
51573099999,2020-6-30,42.95,89.2333333,39.3,"TURPAN, CH",84,8,35,8,1004.9,8,0.3,8,17.8,8,4.9,8,7.8,999.9,96.1, ,72, ,0,G,999.9,0
51573099999,2020-7-1,42.95,89.2333333,39.3,"TURPAN, CH",89.4,8,36,8,1001.4,8,996.9,8,16.6,8,5.1,8,11.7,999.9,100.8, ,72, ,0,G,999.9,0
51573099999,2020-7-2,42.95,89.2333333,39.3,"TURPAN, CH",94.9,8,35.3,8,999.8,8,995.4,8,17.2,8,4.6,8,5.8,999.9,106.5, ,77.5, ,0,G,999.9,0
51573099999,2020-7-3,42.95,89.2333333,39.3,"TURPAN, CH",96.9,8,39.3,8,1000.6,8,996.2,8,18.6,8,6.1,8,11.7,999.9,109, ,82.6, ,0,G,999.9,0
51573099999,2020-7-4,42.95,89.2333333,39.3,"TURPAN, CH",96.4,8,44.6,8,998.3,8,993.9,8,17.8,8,6.1,8,11.7,999.9,109, ,87.3, ,0,G,999.9,0
51573099999,2020-7-5,42.95,89.2333333,39.3,"TURPAN, CH",96,8,44.6,8,994.1,8,989.7,8,17.7,8,8.5,8,11.7,999.9,106.9, ,86.5, ,0,G,999.9,0
51573099999,2020-7-6,42.95,89.2333333,39.3,"TURPAN, CH",91.6,8,49.3,8,996.9,8,992.4,8,17.9,8,6.6,8,9.7,999.9,106.5, ,82.8, ,0,G,999.9,0
51573099999,2020-7-7,42.95,89.2333333,39.3,"TURPAN, CH",83.9,8,55.3,8,1003,8,998.4,8,18.6,8,4.6,8,9.7,999.9,101.8, ,75, ,0,G,999.9,10000
51573099999,2020-7-8,42.95,89.2333333,39.3,"TURPAN, CH",91.4,8,48.1,8,1000.9,8,996.4,8,18.6,8,4.9,8,7.8,999.9,103.1, ,75, ,0,G,999.9,0
51573099999,2020-7-9,42.95,89.2333333,39.3,"TURPAN, CH",97.1,8,43.8,8,995.7,8,991.3,8,18.6,8,6.8,8,15.5,999.9,106.3, ,79.3, ,0,G,999.9,0
51573099999,2020-7-10,42.95,89.2333333,39.3,"TURPAN, CH",93.1,8,47,8,995.5,8,991.2,8,18.2,8,4.4,8,5.8,999.9,106.3, ,83.3, ,0,G,999.9,0
51573099999,2020-7-11,42.95,89.2333333,39.3,"TURPAN, CH",95.1,8,46.6,8,996.6,8,992.2,8,16.9,8,7.3,8,9.7,999.9,104, ,83.5, ,0,G,999.9,0
51573099999,2020-7-12,42.95,89.2333333,39.3,"TURPAN, CH",90.8,8,51.8,8,998.3,8,993.8,8,18,8,6.1,8,13.6,999.9,104, ,81, ,0,G,999.9,0
51573099999,2020-7-13,42.95,89.2333333,39.3,"TURPAN, CH",86.6,8,50.7,8,1002,8,997.5,8,17.4,8,6.1,8,7.8,999.9,102, ,79, ,0,G,999.9,10000
51573099999,2020-7-14,42.95,89.2333333,39.3,"TURPAN, CH",92.4,8,43.9,8,1001.3,8,996.8,8,18.3,8,4.4,8,7.8,999.9,101.8, ,79, ,0,G,999.9,0
51573099999,2020-7-15,42.95,89.2333333,39.3,"TURPAN, CH",97.5,8,44.6,8,1000.2,8,995.8,8,18.4,8,5.1,8,11.7,999.9,107.2, ,80.6, ,0,G,999.9,0
51573099999,2020-7-16,42.95,89.2333333,39.3,"TURPAN, CH",93.7,8,47.4,8,1000.6,8,996.1,8,17.6,8,6.8,8,9.7,999.9,107.2, ,84.6, ,0,G,999.9,0
51573099999,2020-7-17,42.95,89.2333333,39.3,"TURPAN, CH",96.9,8,44.6,8,1001.1,8,996.7,8,18,8,5.3,8,5.8,999.9,107.1, ,82.4, ,0,G,999.9,0
51573099999,2020-7-18,42.95,89.2333333,39.3,"TURPAN, CH",99.9,8,44.1,8,999,8,994.6,8,18.3,8,6.3,8,11.7,999.9,109.2, ,84.9, ,0,G,999.9,0
51573099999,2020-7-19,42.95,89.2333333,39.3,"TURPAN, CH",100.8,8,47.4,8,996,8,991.6,8,18.6,8,6.3,8,11.7,999.9,111.2, ,90.1, ,0,G,999.9,0
51573099999,2020-7-20,42.95,89.2333333,39.3,"TURPAN, CH",99,8,50.2,8,993.4,8,989,8,18.5,8,5.8,8,11.7,999.9,111.2, ,89.4, ,0,G,999.9,0
51573099999,2020-7-21,42.95,89.2333333,39.3,"TURPAN, CH",81.1,8,64.2,8,996.4,8,991.8,8,16.6,8,7,8,13.6,999.9,109.6, ,72, ,0.16,G,999.9,10000
51573099999,2020-7-22,42.95,89.2333333,39.3,"TURPAN, CH",91,8,58.3,8,998,8,993.5,8,18.6,8,6.1,8,11.7,999.9,103.3, ,72, ,0,G,999.9,10000
51573099999,2020-7-23,42.95,89.2333333,39.3,"TURPAN, CH",88.6,8,57.7,8,1003.1,8,998.6,8,17.5,8,6.1,8,11.7,999.9,103.3, ,77.9, ,0,G,999.9,0
51573099999,2020-7-24,42.95,89.2333333,39.3,"TURPAN, CH",88.7,8,59,8,1006.4,8,1.9,8,18.6,8,4.9,8,7.8,999.9,97.9, ,78.6, ,0,G,999.9,0
51573099999,2020-7-25,42.95,89.2333333,39.3,"TURPAN, CH",96.1,8,56.3,8,1004.3,8,999.8,8,18.6,8,4.1,8,7.8,999.9,107.4, ,78.6, ,0,G,999.9,0
51573099999,2020-7-26,42.95,89.2333333,39.3,"TURPAN, CH",100.8,8,47,8,1001.2,8,996.8,8,18.6,8,6.6,8,9.7,999.9,111.9, ,84.2, ,0,G,999.9,0
51573099999,2020-7-27,42.95,89.2333333,39.3,"TURPAN, CH",100.5,8,48.2,8,996.9,8,992.5,8,17.9,8,8,8,15.5,999.9,111.9, ,90.5, ,0,G,999.9,0
51573099999,2020-7-28,42.95,89.2333333,39.3,"TURPAN, CH",91.9,8,50.5,8,1001.1,8,996.6,8,17.6,8,7,8,15.5,999.9,110.5, ,73.9, ,0,G,999.9,10000
51573099999,2020-7-29,42.95,89.2333333,39.3,"TURPAN, CH",94.3,8,46.2,8,1000.6,8,996.1,8,18.6,8,4.4,8,7.8,999.9,103.5, ,73.9, ,0,G,999.9,0
51573099999,2020-7-30,42.95,89.2333333,39.3,"TURPAN, CH",88.4,8,50.1,8,1005.4,8,0.9,8,18.6,8,5.9,8,9.7,20.6,103.5, ,78.6, ,0,G,999.9,0
51573099999,2020-7-31,42.95,89.2333333,39.3,"TURPAN, CH",90.2,8,42.3,8,1005.4,8,0.9,8,18.6,8,4.6,8,7.8,999.9,101.1, ,77.9, ,0,G,999.9,0
51573099999,2020-8-1,42.95,89.2333333,39.3,"TURPAN, CH",94.3,8,37.5,8,1002.8,8,998.3,8,18.6,8,6.3,8,9.7,999.9,104, ,79.3, ,0,G,999.9,0
51573099999,2020-8-2,42.95,89.2333333,39.3,"TURPAN, CH",96.5,8,36.4,8,999.2,8,994.8,8,18.6,8,5.8,8,9.7,999.9,105.6, ,83.1, ,0,G,999.9,0
51573099999,2020-8-3,42.95,89.2333333,39.3,"TURPAN, CH",98,8,42.1,8,995.8,8,991.5,8,18.6,8,5.1,8,7.8,999.9,109.8, ,88.2, ,0,G,999.9,0
51573099999,2020-8-4,42.95,89.2333333,39.3,"TURPAN, CH",97.9,8,46.5,8,994,8,989.6,8,18.6,8,5.6,8,7.8,999.9,109.8, ,86.5, ,0,G,999.9,0
51573099999,2020-8-5,42.95,89.2333333,39.3,"TURPAN, CH",98.5,8,46.4,8,996.5,8,992.1,8,17.4,8,6.8,8,9.7,999.9,111.4, ,86.5, ,0,G,999.9,0
51573099999,2020-8-6,42.95,89.2333333,39.3,"TURPAN, CH",97.3,8,45.7,8,1000.7,8,996.3,8,18.3,8,6.8,8,13.6,999.9,111.4, ,85.6, ,0,G,999.9,0
51573099999,2020-8-7,42.95,89.2333333,39.3,"TURPAN, CH",100,8,46.5,8,999.2,8,994.8,8,18.6,8,5.1,8,7.8,999.9,110.5, ,85.5, ,0,G,999.9,0
51573099999,2020-8-8,42.95,89.2333333,39.3,"TURPAN, CH",100.1,8,47.5,8,995.3,8,990.9,8,18.6,8,4.4,8,5.8,999.9,112.6, ,87.1, ,0,G,999.9,0
51573099999,2020-8-9,42.95,89.2333333,39.3,"TURPAN, CH",102,8,46.5,8,993.2,8,988.8,8,18.6,8,7.5,8,13.6,999.9,112.6, ,88.7, ,0,G,999.9,0
51573099999,2020-8-10,42.95,89.2333333,39.3,"TURPAN, CH",93.8,8,51.4,8,998,8,993.6,8,18.6,8,5.6,8,9.7,999.9,110.1, ,85.3, ,0,G,999.9,0
51573099999,2020-8-11,42.95,89.2333333,39.3,"TURPAN, CH",94.2,8,49.3,8,1000.2,8,995.8,8,18.6,8,5.3,8,7.8,999.9,103.3, ,82.2, ,0,G,999.9,0
51573099999,2020-8-12,42.95,89.2333333,39.3,"TURPAN, CH",91.5,8,50.8,8,1000.8,8,996.4,8,17.5,8,5.1,8,15.5,999.9,103.8, ,82.8, ,0,G,999.9,10000
51573099999,2020-8-13,42.95,89.2333333,39.3,"TURPAN, CH",93.6,8,50.1,8,998.5,8,994,8,18.3,8,5.8,8,11.7,999.9,103.8, ,80.8, ,0,G,999.9,0
51573099999,2020-8-14,42.95,89.2333333,39.3,"TURPAN, CH",83,8,55.7,8,1001.3,8,996.8,8,17.3,8,9.7,8,19.4,999.9,103.5, ,72.5, ,0,G,999.9,10000
51573099999,2020-8-15,42.95,89.2333333,39.3,"TURPAN, CH",86.6,8,46.9,8,1003.9,8,999.4,8,18.6,8,4.1,8,5.8,999.9,97.9, ,71.8, ,0,G,999.9,0
51573099999,2020-8-16,42.95,89.2333333,39.3,"TURPAN, CH",89.2,8,41.9,8,1002.7,8,998.2,8,18.6,8,4.9,8,11.7,999.9,101.5, ,74.7, ,0,G,999.9,0
51573099999,2020-8-17,42.95,89.2333333,39.3,"TURPAN, CH",92.3,8,38.1,8,1001.6,8,997.1,8,16.9,8,5.3,8,7.8,999.9,103.3, ,77.2, ,0,G,999.9,0
51573099999,2020-8-18,42.95,89.2333333,39.3,"TURPAN, CH",93.9,8,37.8,8,998.1,8,993.7,8,18.6,8,4.9,8,5.8,999.9,106.9, ,77.9, ,0,G,999.9,0
51573099999,2020-8-19,42.95,89.2333333,39.3,"TURPAN, CH",93.6,8,50.7,8,998.7,8,994.3,8,17.8,8,4.6,8,7.8,999.9,106.9, ,83.1, ,0,G,999.9,0
51573099999,2020-8-20,42.95,89.2333333,39.3,"TURPAN, CH",91.4,8,51.6,8,1000.4,8,995.9,8,17.9,8,5.6,8,11.7,999.9,103.8, ,84.2, ,0,G,999.9,10000
51573099999,2020-8-21,42.95,89.2333333,39.3,"TURPAN, CH",93,8,44.1,8,1001.8,8,997.3,8,18.6,8,6.6,8,11.7,999.9,102.7, ,84.2, ,0,G,999.9,0
51573099999,2020-8-22,42.95,89.2333333,39.3,"TURPAN, CH",88.4,8,46.5,8,1004,8,999.5,8,18.6,8,4.4,8,5.8,999.9,102.7, ,81.1, ,0,G,999.9,10000
51573099999,2020-8-23,42.95,89.2333333,39.3,"TURPAN, CH",91.6,8,50.1,8,1000.6,8,996.1,8,18.6,8,3.4,8,5.8,999.9,102.7, ,78.8, ,0,G,999.9,0
51573099999,2020-8-24,42.95,89.2333333,39.3,"TURPAN, CH",94.8,8,47.2,8,998.1,8,993.6,8,18.6,8,4.9,8,5.8,999.9,105.8, ,78.8, ,0,G,999.9,0
51573099999,2020-8-25,42.95,89.2333333,39.3,"TURPAN, CH",96.1,8,47.5,8,996.2,8,991.8,8,15.5,8,4.6,8,9.7,999.9,109.4, ,83.3, ,0,G,999.9,0
51573099999,2020-8-26,42.95,89.2333333,39.3,"TURPAN, CH",91.5,8,45.5,8,1000.4,8,996,8,7.6,8,7.3,8,15.5,999.9,109.4, ,80.6, ,0,G,999.9,0
51573099999,2020-8-27,42.95,89.2333333,39.3,"TURPAN, CH",85.6,8,37.3,8,1002,8,997.5,8,16.1,8,6.8,8,9.7,999.9,101.7, ,78.4, ,0,G,999.9,0
51573099999,2020-8-28,42.95,89.2333333,39.3,"TURPAN, CH",80.8,8,47.2,8,1008.3,8,3.7,8,12.2,8,4.6,8,9.7,999.9,93.4, ,74.1, ,0,G,999.9,0
51573099999,2020-8-29,42.95,89.2333333,39.3,"TURPAN, CH",82.9,8,45.1,8,1011.4,8,6.8,8,18.6,8,4.9,8,7.8,999.9,91.8, ,70.7, ,0,G,999.9,10000
51573099999,2020-8-30,42.95,89.2333333,39.3,"TURPAN, CH",85.3,8,40.6,8,1010.4,8,5.8,8,18.6,8,5.6,8,7.8,999.9,94.8, ,72.3, ,0,G,999.9,0
51573099999,2020-8-31,42.95,89.2333333,39.3,"TURPAN, CH",87.4,8,39.6,8,1010.2,8,5.6,8,18.5,8,3.9,8,5.8,999.9,97.5, ,75.6, ,0,G,999.9,0
51573099999,2020-9-1,42.95,89.2333333,39.3,"TURPAN, CH",90.3,8,38.7,8,1009.1,8,4.6,8,18.6,8,4.1,8,5.8,999.9,99.7, ,77.9, ,0,G,999.9,0
51573099999,2020-9-2,42.95,89.2333333,39.3,"TURPAN, CH",90.8,8,42.8,8,1007.3,8,2.8,8,18.1,8,4.4,8,7.8,999.9,101.7, ,79.9, ,0,G,999.9,0
51573099999,2020-9-3,42.95,89.2333333,39.3,"TURPAN, CH",93.1,8,41.2,8,1003.1,8,998.7,8,18.6,8,4.1,8,7.8,999.9,104.2, ,80.1, ,0,G,999.9,0
51573099999,2020-9-4,42.95,89.2333333,39.3,"TURPAN, CH",87.3,8,49.5,8,1006.1,8,1.6,8,18.4,8,5.1,8,7.8,999.9,104.2, ,77.5, ,0,G,999.9,0
51573099999,2020-9-5,42.95,89.2333333,39.3,"TURPAN, CH",88.7,8,42.3,8,1007.2,8,2.6,8,18.6,8,4.6,8,5.8,999.9,99, ,76.3, ,0,G,999.9,0
51573099999,2020-9-6,42.95,89.2333333,39.3,"TURPAN, CH",88.8,8,42.8,8,1003.4,8,998.9,8,18.6,8,4.1,8,5.8,999.9,101.3, ,75.9, ,0,G,999.9,0
51573099999,2020-9-7,42.95,89.2333333,39.3,"TURPAN, CH",85,8,47.3,8,1006.7,8,2.2,8,16.9,8,7.5,8,23.3,999.9,101.3, ,68.5, ,0,G,999.9,10000
51573099999,2020-9-8,42.95,89.2333333,39.3,"TURPAN, CH",80.3,8,46.9,8,1011.7,8,7.1,8,18.6,8,4.4,8,5.8,999.9,97, ,68.5, ,0,G,999.9,0
51573099999,2020-9-9,42.95,89.2333333,39.3,"TURPAN, CH",83.7,8,46.5,8,1007.2,8,2.6,8,18.4,8,6.3,8,9.7,999.9,93.4, ,70.3, ,0,G,999.9,10000
51573099999,2020-9-10,42.95,89.2333333,39.3,"TURPAN, CH",83.6,8,46.1,8,1006.3,8,1.8,8,18.2,8,5.6,8,11.7,999.9,93.4, ,73.6, ,0,G,999.9,10000
51573099999,2020-9-11,42.95,89.2333333,39.3,"TURPAN, CH",80,8,37.1,8,1013,8,8.4,8,11.7,8,5.3,8,13.6,999.9,93.4, ,68.9, ,0,G,999.9,0
51573099999,2020-9-12,42.95,89.2333333,39.3,"TURPAN, CH",76.9,8,30.8,8,1016.5,8,11.8,8,18.4,8,4.6,8,5.8,999.9,89.6, ,67.6, ,0,G,999.9,0
51573099999,2020-9-13,42.95,89.2333333,39.3,"TURPAN, CH",73.6,8,28.9,8,1016.6,8,11.9,8,16.8,8,4.4,8,5.8,999.9,85.6, ,67.8, ,0,G,999.9,0
51573099999,2020-9-14,42.95,89.2333333,39.3,"TURPAN, CH",77.4,8,35.1,8,1013.1,8,8.4,8,18.6,8,4.9,8,5.8,999.9,88.7, ,66.7, ,0,G,999.9,0
51573099999,2020-9-15,42.95,89.2333333,39.3,"TURPAN, CH",79.5,8,35.4,8,1010.3,8,5.7,8,17.8,8,3.6,8,3.9,999.9,88.7, ,66, ,0,G,999.9,0
51573099999,2020-9-16,42.95,89.2333333,39.3,"TURPAN, CH",79.8,8,42.3,8,1011.4,8,6.7,8,18.6,8,3.6,8,5.8,999.9,90.5, ,66.6, ,0,G,999.9,0
51573099999,2020-9-17,42.95,89.2333333,39.3,"TURPAN, CH",81,8,38.4,8,1008,8,3.4,8,18.6,8,3.9,8,5.8,999.9,92.7, ,66.4, ,0,G,999.9,0
51573099999,2020-9-18,42.95,89.2333333,39.3,"TURPAN, CH",81,8,39.2,8,1006.9,8,2.3,8,12,8,6.1,7,13.6,999.9,96.3, ,66.4, ,0,G,999.9,0
51573099999,2020-9-19,42.95,89.2333333,39.3,"TURPAN, CH",75.8,8,41.1,8,1012.7,8,8,8,7.8,8,4.4,8,9.7,999.9,96.3, ,66, ,0,G,999.9,0
51573099999,2020-9-20,42.95,89.2333333,39.3,"TURPAN, CH",76.6,8,37.7,8,1012.5,8,7.9,8,15.9,8,4.1,8,5.8,999.9,86.9, ,63.3, ,0,G,999.9,0
51573099999,2020-9-21,42.95,89.2333333,39.3,"TURPAN, CH",79.4,8,42.2,8,1013,8,8.4,8,18.6,8,3.9,8,7.8,999.9,90.5, ,65.3, ,0,G,999.9,0
51573099999,2020-9-22,42.95,89.2333333,39.3,"TURPAN, CH",76.7,8,45,8,1013.2,8,8.5,8,18.6,8,2.9,8,3.9,999.9,90.5, ,67.6, ,0,G,999.9,0
51573099999,2020-9-23,42.95,89.2333333,39.3,"TURPAN, CH",79.6,8,41.6,8,1009.5,8,4.9,8,18,8,3.6,8,3.9,999.9,89.6, ,66.6, ,0,G,999.9,0
51573099999,2020-9-24,42.95,89.2333333,39.3,"TURPAN, CH",82.8,8,36.6,8,1004.9,8,0.3,8,14.8,8,5.8,8,7.8,999.9,93.9, ,68.2, ,0,G,999.9,0
51573099999,2020-9-25,42.95,89.2333333,39.3,"TURPAN, CH",75.5,8,36.4,8,1007,8,2.4,8,13.4,8,4.6,8,13.6,999.9,93.9, ,67.3, ,0,G,999.9,0
51573099999,2020-9-26,42.95,89.2333333,39.3,"TURPAN, CH",70.5,8,33.1,8,1010.5,8,5.8,8,17.9,8,4.4,7,9.7,999.9,85.3, ,62.1, ,0,G,999.9,0
51573099999,2020-9-27,42.95,89.2333333,39.3,"TURPAN, CH",69.6,8,33.7,8,1013.3,8,8.6,8,17.8,8,3.6,8,7.8,999.9,80.8, ,58.1, ,0,G,999.9,0
51573099999,2020-9-28,42.95,89.2333333,39.3,"TURPAN, CH",73.1,8,32.7,8,1013.7,8,9,8,18.6,8,5.6,8,9.7,999.9,81.5, ,59, ,0,G,999.9,0
51573099999,2020-9-29,42.95,89.2333333,39.3,"TURPAN, CH",69.3,8,26.9,8,1014.6,8,9.9,8,11.4,8,6.6,8,13.6,999.9,81.5, ,61.9, ,0,G,999.9,0
51573099999,2020-9-30,42.95,89.2333333,39.3,"TURPAN, CH",64.4,8,20.9,8,1018.7,8,13.9,8,9.5,8,5.8,8,11.7,999.9,80.2, ,57.4, ,0,G,999.9,0
51573099999,2020-10-1,42.95,89.2333333,39.3,"TURPAN, CH",64.2,8,23,8,1019,8,14.2,8,18.1,8,4.1,8,5.8,999.9,73, ,56.7, ,0,G,999.9,0
51573099999,2020-10-2,42.95,89.2333333,39.3,"TURPAN, CH",64.7,8,23.6,8,1019.8,8,15,8,17.5,8,5.6,8,9.7,999.9,74.5, ,55.2, ,0,G,999.9,0
51573099999,2020-10-3,42.95,89.2333333,39.3,"TURPAN, CH",65.3,8,24.5,8,1020.8,8,16,8,17.8,7,3.6,8,3.9,999.9,74.5, ,51.4, ,0,G,999.9,0
51573099999,2020-10-4,42.95,89.2333333,39.3,"TURPAN, CH",68.4,8,25.9,8,1019.2,8,14.4,8,18.3,8,4.4,8,5.8,999.9,79.7, ,51.4, ,0,G,999.9,0
51573099999,2020-10-5,42.95,89.2333333,39.3,"TURPAN, CH",67.9,8,25,8,1018.1,8,13.3,8,17.7,8,3.2,8,3.9,999.9,79.7, ,55.8, ,0,G,999.9,0
51573099999,2020-10-6,42.95,89.2333333,39.3,"TURPAN, CH",69,8,24.6,8,1012.9,8,8.2,8,16.5,8,4.4,8,7.8,999.9,79, ,55.8, ,0,G,999.9,0
51573099999,2020-10-7,42.95,89.2333333,39.3,"TURPAN, CH",65.9,8,27,8,1020.5,8,15.8,8,10.2,8,5.5,8,9.7,18.1,79, ,56.3, ,0,G,999.9,10000
51573099999,2020-10-8,42.95,89.2333333,39.3,"TURPAN, CH",61.1,8,21.7,8,1022.7,8,17.9,8,17.9,8,3.7,8,5.4,18.1,75.7, ,50.4, ,0,I,999.9,0
51573099999,2020-10-9,42.95,89.2333333,39.3,"TURPAN, CH",60.5,8,24.8,8,1021.4,8,16.6,8,15.7,8,2.7,8,3.9,999.9,71.6, ,49.6, ,0,G,999.9,0
51573099999,2020-10-10,42.95,89.2333333,39.3,"TURPAN, CH",60,8,27.1,8,1026.8,8,22,8,13.3,8,3.9,8,5.8,999.9,70.9, ,49.6, ,0,G,999.9,0
51573099999,2020-10-11,42.95,89.2333333,39.3,"TURPAN, CH",57.5,8,25.3,8,1027.4,8,22.5,8,17.8,8,4.1,8,7.8,999.9,70.2, ,47.8, ,0,G,999.9,0
51573099999,2020-10-12,42.95,89.2333333,39.3,"TURPAN, CH",59.3,8,23.7,8,1024.8,8,19.9,8,17.6,8,3.2,8,3.9,999.9,69.8, ,46.2, ,0,G,999.9,0
51573099999,2020-10-13,42.95,89.2333333,39.3,"TURPAN, CH",62.4,8,24.5,8,1027.2,8,22.3,8,16.9,8,4.4,8,5.8,999.9,71.4, ,46.2, ,0,G,999.9,0
51573099999,2020-10-14,42.95,89.2333333,39.3,"TURPAN, CH",60.6,8,27.7,8,1026.7,8,21.9,8,18,8,3.6,8,5.8,999.9,71.4, ,50, ,0,G,999.9,0
51573099999,2020-10-15,42.95,89.2333333,39.3,"TURPAN, CH",60.6,8,26.8,8,1030.1,8,25.2,8,17.2,8,3.9,8,7.8,999.9,70.5, ,50.2, ,0,G,999.9,0
51573099999,2020-10-16,42.95,89.2333333,39.3,"TURPAN, CH",59.2,8,24.3,8,1025.7,8,20.8,8,17.8,8,3.2,8,5.8,999.9,71.4, ,47.5, ,0,G,999.9,0
51573099999,2020-10-17,42.95,89.2333333,39.3,"TURPAN, CH",59,8,24.6,8,1024.8,8,20,8,16.9,8,2.9,8,3.9,999.9,72, ,47.5, ,0,G,999.9,0
51573099999,2020-10-18,42.95,89.2333333,39.3,"TURPAN, CH",58.4,8,22.3,8,1023.4,8,18.5,8,16.2,8,3.2,8,5.8,999.9,72, ,47.8, ,0,G,999.9,0
51573099999,2020-10-19,42.95,89.2333333,39.3,"TURPAN, CH",62.8,8,20.9,8,1024.4,8,19.5,8,16.4,8,4.7,8,7.8,999.9,74.1, ,48.7, ,0,G,999.9,0
51573099999,2020-10-20,42.95,89.2333333,39.3,"TURPAN, CH",63,8,24.4,8,1022,8,17.2,8,15.1,8,4.1,8,9.7,999.9,74.1, ,50.4, ,0,G,999.9,0
51573099999,2020-10-21,42.95,89.2333333,39.3,"TURPAN, CH",60.6,8,23,8,1018.7,8,13.8,8,14.8,8,2.4,8,3.9,999.9,73.8, ,49.8, ,0,G,999.9,0
51573099999,2020-10-22,42.95,89.2333333,39.3,"TURPAN, CH",60.9,8,24,8,1015.5,8,10.7,8,13.7,8,3.6,8,3.9,999.9,73.4, ,49.8, ,0,G,999.9,0
51573099999,2020-10-23,42.95,89.2333333,39.3,"TURPAN, CH",61.3,8,22.8,8,1012.2,8,7.4,8,12,8,3.2,8,3.9,999.9,74.1, ,50, ,0,G,999.9,0
51573099999,2020-10-24,42.95,89.2333333,39.3,"TURPAN, CH",59.5,8,27.3,8,1019.2,8,14.4,8,11.2,8,4.1,8,7.8,999.9,74.1, ,50.7, ,0,G,999.9,0
51573099999,2020-10-25,42.95,89.2333333,39.3,"TURPAN, CH",57.9,8,28,8,1028.7,8,23.8,8,15.3,8,4.4,8,7.8,999.9,70.5, ,50.5, ,0,G,999.9,0
51573099999,2020-10-26,42.95,89.2333333,39.3,"TURPAN, CH",54.7,8,23.3,8,1028.9,8,23.9,8,16.7,8,3.9,8,5.8,999.9,67.6, ,45.3, ,0,G,999.9,0
51573099999,2020-10-27,42.95,89.2333333,39.3,"TURPAN, CH",52.6,8,21.8,8,1025.2,8,20.3,8,15.3,8,3.6,8,5.8,999.9,64.8, ,44.6, ,0,G,999.9,0
51573099999,2020-10-28,42.95,89.2333333,39.3,"TURPAN, CH",52.4,8,20.6,8,1020.8,8,15.9,8,13.2,8,2.9,8,5.8,999.9,63.9, ,43.5, ,0,G,999.9,0
51573099999,2020-10-29,42.95,89.2333333,39.3,"TURPAN, CH",55.3,8,23,8,1025.6,8,20.7,8,10.1,8,3.2,8,5.8,999.9,62.4, ,43.5, ,0,G,999.9,0
51573099999,2020-10-30,42.95,89.2333333,39.3,"TURPAN, CH",55.1,8,23.9,8,1032.4,8,27.4,8,11.6,8,4.6,8,7.8,999.9,64.6, ,45, ,0,G,999.9,0
51573099999,2020-10-31,42.95,89.2333333,39.3,"TURPAN, CH",51,8,22.1,8,1030.8,8,25.8,8,13.8,8,3.6,8,5.8,999.9,64.6, ,41.5, ,0,G,999.9,0
51573099999,2020-11-1,42.95,89.2333333,39.3,"TURPAN, CH",50.8,8,21.6,8,1029.6,8,24.6,8,12.9,8,3.4,8,5.8,999.9,62.1, ,41.7, ,0,G,999.9,0
51573099999,2020-11-2,42.95,89.2333333,39.3,"TURPAN, CH",49.6,8,21.4,8,1026.1,8,21.1,8,12,8,3.2,8,5.8,999.9,61.7, ,39.6, ,0,G,999.9,0
51573099999,2020-11-3,42.95,89.2333333,39.3,"TURPAN, CH",50.1,8,21.3,8,1024.2,8,19.2,8,11.3,8,2.5,7,3.9,999.9,61, ,39.6, ,0,G,999.9,0
51573099999,2020-11-4,42.95,89.2333333,39.3,"TURPAN, CH",50.1,8,21.6,8,1022.7,8,17.7,8,9.2,8,3.2,8,5.8,999.9,61, ,40.3, ,0,G,999.9,0
51573099999,2020-11-5,42.95,89.2333333,39.3,"TURPAN, CH",53,7,22.6,7,1030.6,7,25.6,7,15.3,7,4.2,7,5.8,999.9,61.5, ,40.3, ,0,G,999.9,0
51573099999,2020-11-6,42.95,89.2333333,39.3,"TURPAN, CH",48.2,8,20.6,8,1028.8,8,23.8,8,13.1,8,3.2,8,5.8,999.9,61.5, ,39, ,0,G,999.9,0
51573099999,2020-11-7,42.95,89.2333333,39.3,"TURPAN, CH",47.8,8,18.9,8,1029,8,24,8,13.1,8,3.4,8,5.8,999.9,59, ,39, ,0,G,999.9,0
51573099999,2020-11-8,42.95,89.2333333,39.3,"TURPAN, CH",47.2,8,19.5,8,1027.3,8,22.3,8,10.1,8,2.9,8,3.9,999.9,57.7, ,39, ,0,G,999.9,0
51573099999,2020-11-9,42.95,89.2333333,39.3,"TURPAN, CH",48.3,8,20.4,8,1024.2,8,19.2,8,9.1,8,3.2,8,3.9,999.9,57.7, ,38.7, ,0,G,999.9,0
51573099999,2020-11-10,42.95,89.2333333,39.3,"TURPAN, CH",49.1,8,20.4,8,1024.9,8,19.9,8,9.8,8,3.9,8,5.8,999.9,59.7, ,39.6, ,0,G,999.9,0
51573099999,2020-11-11,42.95,89.2333333,39.3,"TURPAN, CH",47.7,8,20.6,8,1026.3,8,21.3,8,9.6,8,3.6,8,5.8,999.9,59.7, ,40.5, ,0,G,999.9,0
51573099999,2020-11-12,42.95,89.2333333,39.3,"TURPAN, CH",45.6,8,21.1,8,1024.5,8,19.5,8,7.9,8,3.2,8,3.9,999.9,58.5, ,38.5, ,0,G,999.9,0
51573099999,2020-11-13,42.95,89.2333333,39.3,"TURPAN, CH",45.8,8,21.1,8,1021.2,8,16.2,8,8.5,8,3.2,8,3.9,999.9,57, ,37.6, ,0,G,999.9,0
51573099999,2020-11-14,42.95,89.2333333,39.3,"TURPAN, CH",45.8,8,22.6,8,1017,8,12.1,8,7,8,3.1,7,5.8,999.9,56.7, ,37.6, ,0,G,999.9,0
51573099999,2020-11-15,42.95,89.2333333,39.3,"TURPAN, CH",47.2,8,23.8,8,1015.6,8,10.7,8,9.2,8,3.6,8,5.8,999.9,56.7, ,38.5, ,0,G,999.9,0
51573099999,2020-11-16,42.95,89.2333333,39.3,"TURPAN, CH",47.2,7,25.1,7,1018.8,7,13.8,7,10.6,7,3.6,7,3.9,999.9,54.5, ,40.6, ,0,G,999.9,0
51573099999,2020-11-17,42.95,89.2333333,39.3,"TURPAN, CH",45,8,24.2,8,1022.7,8,17.7,8,10.3,8,2.8,7,3.9,999.9,53.8, ,39.2, ,0,G,999.9,0
51573099999,2020-11-18,42.95,89.2333333,39.3,"TURPAN, CH",41.6,8,21.2,8,1021.1,8,16.1,8,10.3,8,3.6,8,7.8,999.9,53.8, ,35.4, ,0,G,999.9,0
51573099999,2020-11-19,42.95,89.2333333,39.3,"TURPAN, CH",38.6,8,15,8,1024.8,8,19.7,8,10.6,8,3.9,7,5.8,999.9,48.9, ,32.4, ,0,G,999.9,0
51573099999,2020-11-20,42.95,89.2333333,39.3,"TURPAN, CH",35.7,8,3.2,8,1038.3,8,33.2,8,9.2,8,4.6,8,7.8,999.9,43.3, ,28.2, ,0,G,999.9,0
51573099999,2020-11-21,42.95,89.2333333,39.3,"TURPAN, CH",29.4,8,-1.7,8,1041.2,8,36,8,13.5,8,3.2,8,5.8,999.9,43.3, ,23.4, ,0,G,999.9,0
51573099999,2020-11-22,42.95,89.2333333,39.3,"TURPAN, CH",27.5,8,0.3,8,1036.5,8,31.2,8,12.4,8,2.9,8,3.9,999.9,37.9, ,19.6, ,0,G,999.9,0
51573099999,2020-11-23,42.95,89.2333333,39.3,"TURPAN, CH",28.6,8,-0.2,8,1031.7,8,26.4,8,10.6,8,2.5,7,3.9,999.9,36.5, ,19.6, ,0,G,999.9,0
51573099999,2020-11-24,42.95,89.2333333,39.3,"TURPAN, CH",29.4,8,1.3,8,1033.2,8,28,8,10.6,8,3.2,8,5.8,999.9,37.9, ,19.8, ,0,G,999.9,0
51573099999,2020-11-25,42.95,89.2333333,39.3,"TURPAN, CH",28.6,8,0,8,1035.8,8,30.6,8,11.4,8,2.4,8,3.9,999.9,38.1, ,21.2, ,0,G,999.9,0
51573099999,2020-11-26,42.95,89.2333333,39.3,"TURPAN, CH",29.6,8,2.1,8,1037.8,8,32.6,8,8.5,8,3.2,8,5.8,999.9,38.1, ,18, ,0,G,999.9,0
51573099999,2020-11-27,42.95,89.2333333,39.3,"TURPAN, CH",30.6,8,2.5,8,1038.2,8,33.1,8,8.1,8,2.4,8,3.9,999.9,39.9, ,18, ,0,G,999.9,0
51573099999,2020-11-28,42.95,89.2333333,39.3,"TURPAN, CH",30.1,8,2.8,8,1035.9,8,30.7,8,9.1,8,2.5,7,5.8,999.9,39.9, ,22.1, ,0,G,999.9,0
51573099999,2020-11-29,42.95,89.2333333,39.3,"TURPAN, CH",31.1,8,27.4,8,1038.4,8,33.2,8,2.5,8,2.9,8,5.8,999.9,36.5, ,22.1, ,0.07,G,0.4,1000
51573099999,2020-11-30,42.95,89.2333333,39.3,"TURPAN, CH",32.5,8,27.4,8,1038.8,8,33.6,8,3,8,2.2,8,3.9,999.9,38.7, ,27.9, ,0,G,999.9,1000
51573099999,2020-12-1,42.95,89.2333333,39.3,"TURPAN, CH",31.3,8,24.7,8,1042,8,36.8,8,3.5,8,3.2,8,5.8,999.9,39.4, ,25, ,0,G,999.9,0
51573099999,2020-12-2,42.95,89.2333333,39.3,"TURPAN, CH",30.6,8,18.2,8,1042.2,8,36.9,8,6.8,8,2.4,8,3.9,999.9,39.4, ,25, ,0,G,999.9,0
51573099999,2020-12-3,42.95,89.2333333,39.3,"TURPAN, CH",30.5,8,19.2,8,1038.5,8,33.3,8,4.5,8,2.2,7,3.9,999.9,36.9, ,26.4, ,0,G,999.9,0
51573099999,2020-12-4,42.95,89.2333333,39.3,"TURPAN, CH",28.5,8,17.8,8,1033,8,27.8,8,4.7,8,2.2,7,3.9,999.9,36.3, ,23.2, ,0,G,999.9,0
51573099999,2020-12-5,42.95,89.2333333,39.3,"TURPAN, CH",27.7,8,17,8,1033.4,8,28.1,8,4.2,8,2.4,8,5.8,999.9,35.2, ,22.5, ,0,G,999.9,0
51573099999,2020-12-6,42.95,89.2333333,39.3,"TURPAN, CH",27.4,8,17,8,1038.6,8,33.4,8,3.6,8,2.3,6,3.9,999.9,35.2, ,22.3, ,0,G,999.9,0
51573099999,2020-12-7,42.95,89.2333333,39.3,"TURPAN, CH",27.4,8,16.2,8,1032.7,8,27.4,8,3.8,8,2.8,7,3.9,999.9,34.9, ,22.6, ,0,G,999.9,0
51573099999,2020-12-8,42.95,89.2333333,39.3,"TURPAN, CH",26.8,8,16,8,1033.4,8,28.1,8,3.7,8,2.9,8,3.9,999.9,34.3, ,22.1, ,0,G,999.9,0
51573099999,2020-12-9,42.95,89.2333333,39.3,"TURPAN, CH",25,8,14.7,8,1033.1,8,27.8,8,3.5,8,2.7,8,5.8,999.9,34, ,20.3, ,0,G,999.9,0
51573099999,2020-12-10,42.95,89.2333333,39.3,"TURPAN, CH",23.2,8,13.8,8,1031.9,8,26.7,8,3,8,2.4,8,3.9,999.9,32.9, ,16.9, ,0,G,999.9,0
51573099999,2020-12-11,42.95,89.2333333,39.3,"TURPAN, CH",22.6,8,13.1,8,1032.6,8,27.3,8,3.2,8,2.5,7,3.9,999.9,30.9, ,16.9, ,0,G,999.9,0
51573099999,2020-12-12,42.95,89.2333333,39.3,"TURPAN, CH",22.7,8,11.9,8,1036.8,8,31.5,8,3,8,2.7,8,3.9,999.9,30.9, ,17.1, ,0,G,999.9,0
51573099999,2020-12-13,42.95,89.2333333,39.3,"TURPAN, CH",21.4,8,5.8,8,1038.5,8,33.2,8,6.5,8,2.5,7,3.9,999.9,30.9, ,16.7, ,0,G,999.9,0
51573099999,2020-12-14,42.95,89.2333333,39.3,"TURPAN, CH",19.7,8,5.9,8,1039.2,8,33.8,8,6.1,8,3.2,8,5.8,999.9,29.5, ,14.9, ,0,G,999.9,0
51573099999,2020-12-15,42.95,89.2333333,39.3,"TURPAN, CH",18.5,8,5.7,8,1042.2,8,36.8,8,5.4,8,2.5,7,5.8,999.9,27.7, ,12.7, ,0,G,999.9,0
51573099999,2020-12-16,42.95,89.2333333,39.3,"TURPAN, CH",17,8,5,8,1042.2,8,36.8,8,4.7,8,3.4,8,3.9,999.9,26.2, ,9.1, ,0,G,999.9,0
51573099999,2020-12-17,42.95,89.2333333,39.3,"TURPAN, CH",16.3,8,4.6,8,1043.1,8,37.7,8,4.2,8,2.9,8,3.9,999.9,25.9, ,9.1, ,0,G,999.9,0
51573099999,2020-12-18,42.95,89.2333333,39.3,"TURPAN, CH",16.1,8,4.4,8,1043.9,8,38.5,8,4,8,2.2,7,3.9,999.9,24.3, ,10.9, ,0,G,999.9,0
51573099999,2020-12-19,42.95,89.2333333,39.3,"TURPAN, CH",16.4,8,4.5,8,1043.6,8,38.2,8,3.5,8,2,8,3.9,999.9,23.7, ,10.4, ,0,G,999.9,0
51573099999,2020-12-20,42.95,89.2333333,39.3,"TURPAN, CH",19.5,8,5.5,8,1039.4,8,34.1,8,3.2,8,1.9,8,1.9,999.9,24.4, ,10.4, ,0,G,999.9,0
51573099999,2020-12-21,42.95,89.2333333,39.3,"TURPAN, CH",19.5,8,5.8,8,1035.1,8,29.8,8,3.3,8,2.7,8,3.9,999.9,25.7, ,14, ,0,G,999.9,0
51573099999,2020-12-22,42.95,89.2333333,39.3,"TURPAN, CH",18.6,8,6.1,8,1037.9,8,32.5,8,4,8,2.9,8,3.9,999.9,26.1, ,12.7, ,0,G,999.9,0
51573099999,2020-12-23,42.95,89.2333333,39.3,"TURPAN, CH",16.6,8,5,8,1037.4,8,32,8,4.7,8,2.5,7,3.9,999.9,26.1, ,11.1, ,0,G,999.9,0
51573099999,2020-12-24,42.95,89.2333333,39.3,"TURPAN, CH",16.6,8,5,8,1033.3,8,27.9,8,4.1,8,2.8,7,3.9,999.9,24.6, ,10.6, ,0,G,999.9,0
51573099999,2020-12-25,42.95,89.2333333,39.3,"TURPAN, CH",16.4,8,4.9,8,1031.7,8,26.3,8,4.4,8,2.8,7,3.9,999.9,25, ,10.6, ,0,G,999.9,0
51573099999,2020-12-26,42.95,89.2333333,39.3,"TURPAN, CH",16.6,8,5.1,8,1028.8,8,23.4,8,3.8,8,2.7,8,3.9,999.9,25, ,9.3, ,0,G,999.9,0
51573099999,2020-12-27,42.95,89.2333333,39.3,"TURPAN, CH",18.8,8,5.9,8,1033.3,8,27.9,8,3.3,8,2.4,8,3.9,999.9,27.5, ,9.3, ,0,G,999.9,0
51573099999,2020-12-28,42.95,89.2333333,39.3,"TURPAN, CH",20,8,5.6,8,1044.1,8,38.8,8,4.7,8,2.9,8,5.8,999.9,30.7, ,11.5, ,0,G,999.9,0
51573099999,2020-12-29,42.95,89.2333333,39.3,"TURPAN, CH",20.9,8,-1.9,8,1046.8,8,41.4,8,11.1,8,2.7,8,3.9,999.9,30.7, ,11.8, ,0,G,999.9,0
51573099999,2020-12-30,42.95,89.2333333,39.3,"TURPAN, CH",22.3,8,-0.9,8,1043,8,37.7,8,10.3,8,2.7,8,3.9,999.9,28.9, ,11.8, ,0,G,999.9,0
51573099999,2020-12-31,42.95,89.2333333,39.3,"TURPAN, CH",19.2,8,-1.7,8,1039.3,8,33.9,8,10.8,8,3.1,7,3.9,999.9,28.6, ,14.2, ,0,G,999.9,0
